                  epoch,         train/box_loss,         train/cls_loss,         train/dfl_loss,   metrics/precision(B),      metrics/recall(B),       metrics/mAP50(B),    metrics/mAP50-95(B),           val/box_loss,           val/cls_loss,           val/dfl_loss,                 lr/pg0,                 lr/pg1,                 lr/pg2
                      0,                 1.4409,                 3.5772,                 1.8096,                0.68875,                0.41621,                0.42158,                0.19583,                 1.5567,                 4.1081,                 2.0239,             0.00020699,             0.00020699,             0.00020699
                      1,                 1.4003,                 2.4926,                 1.7173,                0.75884,                0.64296,                0.71403,                0.40267,                 1.5082,                 2.8765,                 1.9756,             0.00033309,             0.00033309,             0.00033309
                      2,                 1.3818,                 2.0138,                 1.6581,                0.68151,                0.75979,                0.75209,                0.41475,                 1.6056,                 2.6534,                 1.9789,             0.00037669,             0.00037669,             0.00037669
                      3,                 1.3273,                 1.7478,                 1.6164,                0.81378,                0.79065,                0.80425,                 0.4416,                 1.5851,                 2.2889,                 1.9855,             0.00025375,             0.00025375,             0.00025375
                      4,                 1.2812,                 1.5868,                 1.5754,                0.80354,                0.73535,                0.78942,                0.41552,                 1.7248,                 2.0106,                 2.1093,             0.00025375,             0.00025375,             0.00025375
